feature,iv,strength
B_38,1.6505556333851095,Suspicious
B_30,0.7511204812504061,Suspicious
D_120,0.263320006768107,Medium
D_64,0.19782507079519424,Medium
D_68,0.18468285514316798,Medium
D_114,0.1833686307073445,Medium
D_117,0.17115720071798568,Medium
D_63,0.04490263067436129,Medium
D_126,0.015269313356731075,Not useful
D_116,0.013155744695663225,Not useful
